year,month,originCountry,totalCount,dollarRate,apparent_temperature_mean_celcius,sunshine_duration_seconds,rain_sum_mm,precipitation_hours,num_establishments,num_rooms,AirPassengerFaresIndex,consumerPriceIndex
2024,January,India,34399,315.7,30.78765432,33462.04969,7.672839506,7.012345679,4519,55455,178,185.5
2024,January,Russia,31159,315.7,30.78765432,33462.04969,7.672839506,7.012345679,4519,55455,178,251.3
2024,January,United Kingdom,16665,315.7,30.78765432,33462.04969,7.672839506,7.012345679,4519,55455,178,130
2024,January,Germany,13593,315.7,30.78765432,33462.04969,7.672839506,7.012345679,4519,55455,178,117.6
2024,January,China,11511,315.7,30.78765432,33462.04969,7.672839506,7.012345679,4519,55455,178,103.1
2024,January,France,9919,315.7,30.78765432,33462.04969,7.672839506,7.012345679,4519,55455,178,118.19
2024,January,Poland,7800,315.7,30.78765432,33462.04969,7.672839506,7.012345679,4519,55455,178,182.2
2024,January,Australia,6645,315.7,30.78765432,33462.04969,7.672839506,7.012345679,4519,55455,178,137.4
2024,January,United States,5712,315.7,30.78765432,33462.04969,7.672839506,7.012345679,4519,55455,178,141.4396793
2024,January,Netherlands,4531,315.7,30.78765432,33462.04969,7.672839506,7.012345679,4519,55455,178,127.11
2024,February,Russia,32030,309.5,30.90802469,32260.59167,5.719135802,6.203703704,4519,55455,178,253
2024,February,India,30027,309.5,30.90802469,32260.59167,5.719135802,6.203703704,4519,55455,178,185.8
2024,February,United Kingdom,20614,309.5,30.90802469,32260.59167,5.719135802,6.203703704,4519,55455,178,130.8
2024,February,Germany,16259,309.5,30.90802469,32260.59167,5.719135802,6.203703704,4519,55455,178,118.1
2024,February,China,14836,309.5,30.90802469,32260.59167,5.719135802,6.203703704,4519,55455,178,104.2
2024,February,France,12503,309.5,30.90802469,32260.59167,5.719135802,6.203703704,4519,55455,178,119.21
2024,February,Poland,6909,309.5,30.90802469,32260.59167,5.719135802,6.203703704,4519,55455,178,182.7
2024,February,Australia,6265,309.5,30.90802469,32260.59167,5.719135802,6.203703704,4519,55455,178,137.4
2024,February,United States,5709,309.5,30.90802469,32260.59167,5.719135802,6.203703704,4519,55455,178,142.3151445
2024,February,Netherlands,4011,309.5,30.90802469,32260.59167,5.719135802,6.203703704,4519,55455,178,127.95
2024,March,India,31853,300.3,30.82839506,37584.72049,2.075308642,4.864197531,4519,55455,178.6,185.8
2024,March,Russia,28016,300.3,30.82839506,37584.72049,2.075308642,4.864197531,4519,55455,178.6,254
2024,March,United Kingdom,21540,300.3,30.82839506,37584.72049,2.075308642,4.864197531,4519,55455,178.6,131.6
2024,March,Germany,18324,300.3,30.82839506,37584.72049,2.075308642,4.864197531,4519,55455,178.6,118.6
2024,March,China,12865,300.3,30.82839506,37584.72049,2.075308642,4.864197531,4519,55455,178.6,103.3
2024,March,France,10960,300.3,30.82839506,37584.72049,2.075308642,4.864197531,4519,55455,178.6,119.47
2024,March,Australia,8852,300.3,30.82839506,37584.72049,2.075308642,4.864197531,4519,55455,178.6,137.4
2024,March,United States,7617,300.3,30.82839506,37584.72049,2.075308642,4.864197531,4519,55455,178.6,143.2350938
2024,March,Poland,4789,300.3,30.82839506,37584.72049,2.075308642,4.864197531,4519,55455,178.6,183.1
2024,March,Canada,4034,300.3,30.82839506,37584.72049,2.075308642,4.864197531,4519,55455,178.6,159.8
2024,April,India,27304,297.25,30.82962963,38963.96389,2.304320988,5.444444444,4519,55455,180.8,186.7
2024,April,Russia,15103,297.25,30.82962963,38963.96389,2.304320988,5.444444444,4519,55455,180.8,255.2
2024,April,United Kingdom,13173,297.25,30.82962963,38963.96389,2.304320988,5.444444444,4519,55455,180.8,132.2
2024,April,Germany,9843,297.25,30.82962963,38963.96389,2.304320988,5.444444444,4519,55455,180.8,119.2
2024,April,France,8792,297.25,30.82962963,38963.96389,2.304320988,5.444444444,4519,55455,180.8,120.07
2024,April,China,8518,297.25,30.82962963,38963.96389,2.304320988,5.444444444,4519,55455,180.8,103.2
2024,April,Australia,7202,297.25,30.82962963,38963.96389,2.304320988,5.444444444,4519,55455,180.8,138.8
2024,April,United States,5574,297.25,30.82962963,38963.96389,2.304320988,5.444444444,4519,55455,180.8,143.79275
2024,April,Canada,3594,297.25,30.82962963,38963.96389,2.304320988,5.444444444,4519,55455,180.8,160.6
2024,April,Netherlands,3437,297.25,30.82962963,38963.96389,2.304320988,5.444444444,4519,55455,180.8,129.42
2024,May,India,32254,301.8,30.94074074,38840.00031,2.502469136,5.765432099,4519,55455,181.5,187.7
2024,May,United Kingdom,8094,301.8,30.94074074,38840.00031,2.502469136,5.765432099,4519,55455,181.5,132.7
2024,May,Maldives,8040,301.8,30.94074074,38840.00031,2.502469136,5.765432099,4519,55455,181.5,102.6575979
2024,May,China,7511,301.8,30.94074074,38840.00031,2.502469136,5.765432099,4519,55455,181.5,103.2
2024,May,Germany,7495,301.8,30.94074074,38840.00031,2.502469136,5.765432099,4519,55455,181.5,119.3
2024,May,Australia,5465,301.8,30.94074074,38840.00031,2.502469136,5.765432099,4519,55455,181.5,138.8
2024,May,Russia,4384,301.8,30.94074074,38840.00031,2.502469136,5.765432099,4519,55455,181.5,257.1
2024,May,United States,4082,301.8,30.94074074,38840.00031,2.502469136,5.765432099,4519,55455,181.5,144.03168
2024,May,France,4064,301.8,30.94074074,38840.00031,2.502469136,5.765432099,4519,55455,181.5,120.11
2024,May,Canada,3294,301.8,30.94074074,38840.00031,2.502469136,5.765432099,4519,55455,181.5,161.5
2024,June,India,28631,305.9,30.89012346,37813.53586,2.397530864,4.222222222,4519,55455,197.9,190.2
2024,June,United Kingdom,9266,305.9,30.89012346,37813.53586,2.397530864,4.222222222,4519,55455,197.9,133
2024,June,China,8575,305.9,30.89012346,37813.53586,2.397530864,4.222222222,4519,55455,197.9,102.9
2024,June,Australia,6317,305.9,30.89012346,37813.53586,2.397530864,4.222222222,4519,55455,197.9,138.8
2024,June,Maldives,5109,305.9,30.89012346,37813.53586,2.397530864,4.222222222,4519,55455,197.9,103.4058817
2024,June,Germany,4556,305.9,30.89012346,37813.53586,2.397530864,4.222222222,4519,55455,197.9,119.4
2024,June,Bangladesh,4374,305.9,30.89012346,37813.53586,2.397530864,4.222222222,4519,55455,197.9,123.38
2024,June,United States,4023,305.9,30.89012346,37813.53586,2.397530864,4.222222222,4519,55455,197.9,144.0802915
2024,June,Russia,3412,305.9,30.89012346,37813.53586,2.397530864,4.222222222,4519,55455,197.9,258.8
2024,June,Canada,3263,305.9,30.89012346,37813.53586,2.397530864,4.222222222,4519,55455,197.9,161.4
2024,July,India,41173,302.25,30.52962963,36924.60444,3.148765432,5.487654321,4519,55455,175.5,193
2024,July,United Kingdom,20837,302.25,30.52962963,36924.60444,3.148765432,5.487654321,4519,55455,175.5,132.9
2024,July,China,13040,302.25,30.52962963,36924.60444,3.148765432,5.487654321,4519,55455,175.5,103.4
2024,July,Netherlands,11431,302.25,30.52962963,36924.60444,3.148765432,5.487654321,4519,55455,175.5,131.82
2024,July,Germany,10618,302.25,30.52962963,36924.60444,3.148765432,5.487654321,4519,55455,175.5,119.8
2024,July,France,9405,302.25,30.52962963,36924.60444,3.148765432,5.487654321,4519,55455,175.5,120.42
2024,July,Australia,7371,302.25,30.52962963,36924.60444,3.148765432,5.487654321,4519,55455,175.5,139.1
2024,July,Switzerland,5089,302.25,30.52962963,36924.60444,3.148765432,5.487654321,4519,55455,175.5,107.539
2024,July,United States,4962,302.25,30.52962963,36924.60444,3.148765432,5.487654321,4519,55455,175.5,144.2476801
2024,July,Canada,4821,302.25,30.52962963,36924.60444,3.148765432,5.487654321,4519,55455,175.5,162.1
2024,August,India,33031,299,30.28765432,34114.20907,4.669753086,6.345679012,4519,55455,153.8,193
2024,August,United Kingdom,17587,299,30.28765432,34114.20907,4.669753086,6.345679012,4519,55455,153.8,133.4
2024,August,China,11333,299,30.28765432,34114.20907,4.669753086,6.345679012,4519,55455,153.8,103.8
2024,August,Germany,10623,299,30.28765432,34114.20907,4.669753086,6.345679012,4519,55455,153.8,119.7
2024,August,Italy,9586,299,30.28765432,34114.20907,4.669753086,6.345679012,4519,55455,153.8,121.4
2024,August,France,8596,299,30.28765432,34114.20907,4.669753086,6.345679012,4519,55455,153.8,121.06
2024,August,Spain,7262,299,30.28765432,34114.20907,4.669753086,6.345679012,4519,55455,153.8,115.707
2024,August,Australia,6687,299,30.28765432,34114.20907,4.669753086,6.345679012,4519,55455,153.8,139.1
2024,August,Netherlands,5355,299,30.28765432,34114.20907,4.669753086,6.345679012,4519,55455,153.8,132.24
2024,August,Russia,4351,299,30.28765432,34114.20907,4.669753086,6.345679012,4519,55455,153.8,262.4
2024,September,India,27884,296,29.91555556,31047.71911,6.226666667,5.948148148,4519,55455,175.2,194.2
2024,September,China,9078,296,29.91555556,31047.71911,6.226666667,5.948148148,4519,55455,175.2,103.8
2024,September,United Kingdom,8688,296,29.91555556,31047.71911,6.226666667,5.948148148,4519,55455,175.2,133.5
2024,September,Germany,8260,296,29.91555556,31047.71911,6.226666667,5.948148148,4519,55455,175.2,119.7
2024,September,Australia,7200,296,29.91555556,31047.71911,6.226666667,5.948148148,4519,55455,175.2,139.1
2024,September,Maldives,4359,296,29.91555556,31047.71911,6.226666667,5.948148148,4519,55455,175.2,103.870556
2024,September,Russia,4199,296,29.91555556,31047.71911,6.226666667,5.948148148,4519,55455,175.2,263.5
2024,September,Bangladesh,4178,296,29.91555556,31047.71911,6.226666667,5.948148148,4519,55455,175.2,130.61
2024,September,Spain,4166,296,29.91555556,31047.71911,6.226666667,5.948148148,4519,55455,175.2,115.009
2024,September,France,3749,296,29.91555556,31047.71911,6.226666667,5.948148148,4519,55455,175.2,119.56
2024,October,India,36417,292.9,29.94518519,30060.81037,6.332592593,6.785185185,4519,55455,182.1,196.8
2024,October,Russia,10367,292.9,29.94518519,30060.81037,6.332592593,6.785185185,4519,55455,182.1,265.4
2024,October,United Kingdom,10206,292.9,29.94518519,30060.81037,6.332592593,6.785185185,4519,55455,182.1,134.3
2024,October,Germany,9217,292.9,29.94518519,30060.81037,6.332592593,6.785185185,4519,55455,182.1,120.2
2024,October,China,8307,292.9,29.94518519,30060.81037,6.332592593,6.785185185,4519,55455,182.1,103.6
2024,October,Australia,6523,292.9,29.94518519,30060.81037,6.332592593,6.785185185,4519,55455,182.1,139.4
2024,October,France,4688,292.9,29.94518519,30060.81037,6.332592593,6.785185185,4519,55455,182.1,119.89
2024,October,Bangladesh,3732,292.9,29.94518519,30060.81037,6.332592593,6.785185185,4519,55455,182.1,133.32
2024,October,Spain,3458,292.9,29.94518519,30060.81037,6.332592593,6.785185185,4519,55455,182.1,115.726
2024,October,United States,3170,292.9,29.94518519,30060.81037,6.332592593,6.785185185,4519,55455,182.1,144.7631452
2024,November,India,41120,290.6,30.0637037,35606.69074,6.294074074,5.42962963,4519,55455,173.3,196.5
2024,November,Russia,29053,290.6,30.0637037,35606.69074,6.294074074,5.42962963,4519,55455,173.3,269.3
2024,November,United Kingdom,12912,290.6,30.0637037,35606.69074,6.294074074,5.42962963,4519,55455,173.3,134.6
2024,November,Germany,12593,290.6,30.0637037,35606.69074,6.294074074,5.42962963,4519,55455,173.3,119.9
2024,November,China,8371,290.6,30.0637037,35606.69074,6.294074074,5.42962963,4519,55455,173.3,103
2024,November,Australia,7937,290.6,30.0637037,35606.69074,6.294074074,5.42962963,4519,55455,173.3,139.4
2024,November,France,6665,290.6,30.0637037,35606.69074,6.294074074,5.42962963,4519,55455,173.3,119.72
2024,November,Poland,5164,290.6,30.0637037,35606.69074,6.294074074,5.42962963,4519,55455,173.3,190
2024,November,United States,4472,290.6,30.0637037,35606.69074,6.294074074,5.42962963,4519,55455,173.3,144.6847248
2024,November,Spain,3655,290.6,30.0637037,35606.69074,6.294074074,5.42962963,4519,55455,173.3,116.01
2024,December,India,52881,293,29.8162963,33284.20741,8.215555556,6.311111111,4519,55455,191.6,195.4
2024,December,Russia,35268,293,29.8162963,33284.20741,8.215555556,6.311111111,4519,55455,191.6,272.8
2024,December,United Kingdom,18757,293,29.8162963,33284.20741,8.215555556,6.311111111,4519,55455,191.6,135.1
2024,December,Germany,14703,293,29.8162963,33284.20741,8.215555556,6.311111111,4519,55455,191.6,120.5
2024,December,Australia,13109,293,29.8162963,33284.20741,8.215555556,6.311111111,4519,55455,191.6,139.4
2024,December,China,9924,293,29.8162963,33284.20741,8.215555556,6.311111111,4519,55455,191.6,103
2024,December,United States,8212,293,29.8162963,33284.20741,8.215555556,6.311111111,4519,55455,191.6,144.7360878
2024,December,Maldives,6903,293,29.8162963,33284.20741,8.215555556,6.311111111,4519,55455,191.6,107.4460219
2024,December,France,6332,293,29.8162963,33284.20741,8.215555556,6.311111111,4519,55455,191.6,119.95
2024,December,Poland,6233,293,29.8162963,33284.20741,8.215555556,6.311111111,4519,55455,191.6,190
2022,August,United Kingdom,6776,357.88,28.29382716,31292.65691,4.955864198,6.453703704,3829,48120,172,121.8
2022,August,India,5340,357.88,28.29382716,31292.65691,4.955864198,6.453703704,3829,48120,172,174.3
2022,August,Germany,3251,357.88,28.29382716,31292.65691,4.955864198,6.453703704,3829,48120,172,110.7
2022,August,France,2784,357.88,28.29382716,31292.65691,4.955864198,6.453703704,3829,48120,172,113.38
2022,August,Canada,2581,357.88,28.29382716,31292.65691,4.955864198,6.453703704,3829,48120,172,152.6
2022,August,Spain,2148,357.88,28.29382716,31292.65691,4.955864198,6.453703704,3829,48120,172,110.265
2022,August,Australia,1898,357.88,28.29382716,31292.65691,4.955864198,6.453703704,3829,48120,172,128.4
2022,August,Russia,1426,357.88,28.29382716,31292.65691,4.955864198,6.453703704,3829,48120,172,228.7
2022,August,United States,1105,357.88,28.29382716,31292.65691,4.955864198,6.453703704,3829,48120,172,135.8236779
2022,August,Netherlands,1021,357.88,28.29382716,31292.65691,4.955864198,6.453703704,3829,48120,172,123.95
2022,September,India,6493,365.5,28.22808642,32366.21022,5.333333333,6.87345679,3829,48120,180.1,175.3
2022,September,United Kingdom,2872,365.5,28.22808642,32366.21022,5.333333333,6.87345679,3829,48120,180.1,122.3
2022,September,Australia,2309,365.5,28.22808642,32366.21022,5.333333333,6.87345679,3829,48120,180.1,128.4
2022,September,Germany,2149,365.5,28.22808642,32366.21022,5.333333333,6.87345679,3829,48120,180.1,112.7
2022,September,Russia,1553,365.5,28.22808642,32366.21022,5.333333333,6.87345679,3829,48120,180.1,228.8
2022,September,Canada,1552,365.5,28.22808642,32366.21022,5.333333333,6.87345679,3829,48120,180.1,152.7
2022,September,Maldives,1314,365.5,28.22808642,32366.21022,5.333333333,6.87345679,3829,48120,180.1,100.0542322
2022,September,France,1201,365.5,28.22808642,32366.21022,5.333333333,6.87345679,3829,48120,180.1,112.74
2022,September,Spain,1091,365.5,28.22808642,32366.21022,5.333333333,6.87345679,3829,48120,180.1,109.498
2022,September,United States,991,365.5,28.22808642,32366.21022,5.333333333,6.87345679,3829,48120,180.1,136.1158054
2022,October,India,8862,363,28.48549383,32748.63759,5.099074074,7.651234568,3829,48120,188.1,176.7
2022,October,Russia,6189,363,28.48549383,32748.63759,5.099074074,7.651234568,3829,48120,188.1,229.3
2022,October,United Kingdom,4275,363,28.48549383,32748.63759,5.099074074,7.651234568,3829,48120,188.1,124.3
2022,October,Germany,2881,363,28.48549383,32748.63759,5.099074074,7.651234568,3829,48120,188.1,113.5
2022,October,Australia,2106,363,28.48549383,32748.63759,5.099074074,7.651234568,3829,48120,188.1,130.8
2022,October,Maldives,1943,363,28.48549383,32748.63759,5.099074074,7.651234568,3829,48120,188.1,99.98126807
2022,October,Canada,1625,363,28.48549383,32748.63759,5.099074074,7.651234568,3829,48120,188.1,153.8
2022,October,France,1540,363,28.48549383,32748.63759,5.099074074,7.651234568,3829,48120,188.1,113.9
2022,October,United States,1253,363,28.48549383,32748.63759,5.099074074,7.651234568,3829,48120,188.1,136.6679584
2022,October,Switzerland,889,363,28.48549383,32748.63759,5.099074074,7.651234568,3829,48120,188.1,104.6392
2022,November,Russia,13820,368.5,28.65617284,33577.90969,5.821604938,7.910493827,3829,48120,187,230.1
2022,November,India,10167,368.5,28.65617284,33577.90969,5.821604938,7.910493827,3829,48120,187,176.5
2022,November,Germany,5169,368.5,28.65617284,33577.90969,5.821604938,7.910493827,3829,48120,187,113.7
2022,November,United Kingdom,4506,368.5,28.65617284,33577.90969,5.821604938,7.910493827,3829,48120,187,124.8
2022,November,Australia,2939,368.5,28.65617284,33577.90969,5.821604938,7.910493827,3829,48120,187,130.8
2022,November,United States,2089,368.5,28.65617284,33577.90969,5.821604938,7.910493827,3829,48120,187,136.5299201
2022,November,Canada,1994,368.5,28.65617284,33577.90969,5.821604938,7.910493827,3829,48120,187,154
2022,November,France,1841,368.5,28.65617284,33577.90969,5.821604938,7.910493827,3829,48120,187,114.26
2022,November,Maldives,1626,368.5,28.65617284,33577.90969,5.821604938,7.910493827,3829,48120,187,100
2022,November,Switzerland,832,368.5,28.65617284,33577.90969,5.821604938,7.910493827,3829,48120,187,104.6432
2022,December,Russia,19963,367.5,28.72376543,34277.16401,6.940123457,8.712962963,3829,48120,198.1,231.9
2022,December,India,17350,367.5,28.72376543,34277.16401,6.940123457,8.712962963,3829,48120,198.1,175.7
2022,December,United Kingdom,7879,367.5,28.72376543,34277.16401,6.940123457,8.712962963,3829,48120,198.1,125.3
2022,December,Australia,5158,367.5,28.72376543,34277.16401,6.940123457,8.712962963,3829,48120,198.1,130.8
2022,December,Germany,4984,367.5,28.72376543,34277.16401,6.940123457,8.712962963,3829,48120,198.1,113.2
2022,December,United States,3638,367.5,28.72376543,34277.16401,6.940123457,8.712962963,3829,48120,198.1,136.1107608
2022,December,Maldives,3444,367.5,28.72376543,34277.16401,6.940123457,8.712962963,3829,48120,198.1,100.4900371
2022,December,France,2665,367.5,28.72376543,34277.16401,6.940123457,8.712962963,3829,48120,198.1,114.16
2022,December,Canada,2618,367.5,28.72376543,34277.16401,6.940123457,8.712962963,3829,48120,198.1,153.1
2022,December,Israel,1457,367.5,28.72376543,34277.16401,6.940123457,8.712962963,3829,48120,198.1,95
2022,January,Russia,13478,201.2,28.48981481,31244.14444,7.84382716,8.679012346,3829,48120,140.8,209.2546
2022,January,India,11751,201.2,28.48981481,31244.14444,7.84382716,8.679012346,3829,48120,140.8,165.7
2022,January,Ukraine,7774,201.2,28.48981481,31244.14444,7.84382716,8.679012346,3829,48120,140.8,320.4
2022,January,United Kingdom,7442,201.2,28.48981481,31244.14444,7.84382716,8.679012346,3829,48120,140.8,114.6
2022,January,Germany,5339,201.2,28.48981481,31244.14444,7.84382716,8.679012346,3829,48120,140.8,105.2
2022,January,France,3616,201.2,28.48981481,31244.14444,7.84382716,8.679012346,3829,48120,140.8,108.12
2022,January,Poland,3185,201.2,28.48981481,31244.14444,7.84382716,8.679012346,3829,48120,140.8,149.1
2022,January,Australia,2814,201.2,28.48981481,31244.14444,7.84382716,8.679012346,3829,48120,140.8,123.9
2022,January,Maldives,2401,201.2,28.48981481,31244.14444,7.84382716,8.679012346,3829,48120,140.8,97.55655781
2022,January,Kazakhstan,2041,201.2,28.48981481,31244.14444,7.84382716,8.679012346,3829,48120,140.8,227.85
2022,February,Russia,15340,200.92,28.47654321,32247.28485,7.447530864,9.111111111,3829,48120,149.4,211.7029
2022,February,India,12744,200.92,28.47654321,32247.28485,7.447530864,9.111111111,3829,48120,149.4,166.1
2022,February,United Kingdom,10642,200.92,28.47654321,32247.28485,7.447530864,9.111111111,3829,48120,149.4,115.4
2022,February,Germany,7780,200.92,28.47654321,32247.28485,7.447530864,9.111111111,3829,48120,149.4,106
2022,February,France,5699,200.92,28.47654321,32247.28485,7.447530864,9.111111111,3829,48120,149.4,108.94
2022,February,Ukraine,5288,200.92,28.47654321,32247.28485,7.447530864,9.111111111,3829,48120,149.4,325.5
2022,February,Poland,4315,200.92,28.47654321,32247.28485,7.447530864,9.111111111,3829,48120,149.4,148.7
2022,February,Kazakhstan,2821,200.92,28.47654321,32247.28485,7.447530864,9.111111111,3829,48120,149.4,229.673
2022,February,Czech Republic,2055,200.92,28.47654321,32247.28485,7.447530864,9.111111111,3829,48120,149.4,126.2
2022,February,Canada,1958,200.92,28.47654321,32247.28485,7.447530864,9.111111111,3829,48120,149.4,146.8
2022,March,India,23216,294,28.52716049,31563.2634,8.434567901,9.317901235,3829,48120,162.2,167.7
2022,March,United Kingdom,12908,294,28.52716049,31563.2634,8.434567901,9.317901235,3829,48120,162.2,116.5
2022,March,Germany,9561,294,28.52716049,31563.2634,8.434567901,9.317901235,3829,48120,162.2,108.1
2022,March,Russia,8899,294,28.52716049,31563.2634,8.434567901,9.317901235,3829,48120,162.2,227.82
2022,March,France,5741,294,28.52716049,31563.2634,8.434567901,9.317901235,3829,48120,162.2,110.49
2022,March,Poland,3315,294,28.52716049,31563.2634,8.434567901,9.317901235,3829,48120,162.2,153.6
2022,March,United States,3114,294,28.52716049,31563.2634,8.434567901,9.317901235,3829,48120,162.2,131.8490017
2022,March,Canada,2989,294,28.52716049,31563.2634,8.434567901,9.317901235,3829,48120,162.2,148.9
2022,March,Kazakhstan,2598,294,28.52716049,31563.2634,8.434567901,9.317901235,3829,48120,162.2,238.171
2022,March,Australia,2359,294,28.52716049,31563.2634,8.434567901,9.317901235,3829,48120,162.2,123.9
2022,April,United Kingdom,11539,355,28.71728395,32326.95216,7.485493827,8.540123457,3829,48120,168.1,119
2022,April,India,8678,355,28.71728395,32326.95216,7.485493827,8.540123457,3829,48120,168.1,170.1
2022,April,Germany,6088,355,28.71728395,32326.95216,7.485493827,8.540123457,3829,48120,168.1,108.8
2022,April,France,4035,355,28.71728395,32326.95216,7.485493827,8.540123457,3829,48120,168.1,110.97
2022,April,Russia,3874,355,28.71728395,32326.95216,7.485493827,8.540123457,3829,48120,168.1,231.4
2022,April,Australia,3508,355,28.71728395,32326.95216,7.485493827,8.540123457,3829,48120,168.1,126.1
2022,April,Canada,2083,355,28.71728395,32326.95216,7.485493827,8.540123457,3829,48120,168.1,149.8
2022,April,United States,1872,355,28.71728395,32326.95216,7.485493827,8.540123457,3829,48120,168.1,132.5850529
2022,April,Switzerland,1647,355,28.71728395,32326.95216,7.485493827,8.540123457,3829,48120,168.1,103.3351
2022,April,Netherlands,1575,355,28.71728395,32326.95216,7.485493827,8.540123457,3829,48120,168.1,119.81
2022,May,India,5562,360,28.57716049,31726.73975,7.869135802,9.040123457,3829,48120,173.5,171.7
2022,May,United Kingdom,3723,360,28.57716049,31726.73975,7.869135802,9.040123457,3829,48120,173.5,119.7
2022,May,Russia,3202,360,28.57716049,31726.73975,7.869135802,9.040123457,3829,48120,173.5,231.6
2022,May,Germany,2208,360,28.57716049,31726.73975,7.869135802,9.040123457,3829,48120,173.5,109.8
2022,May,Canada,2013,360,28.57716049,31726.73975,7.869135802,9.040123457,3829,48120,173.5,151.9
2022,May,Australia,1660,360,28.57716049,31726.73975,7.869135802,9.040123457,3829,48120,173.5,126.1
2022,May,United States,1368,360,28.57716049,31726.73975,7.869135802,9.040123457,3829,48120,173.5,134.0466074
2022,May,France,1076,360,28.57716049,31726.73975,7.869135802,9.040123457,3829,48120,173.5,111.72
2022,May,Maldives,849,360,28.57716049,31726.73975,7.869135802,9.040123457,3829,48120,173.5,99.08354377
2022,May,Spain,692,360,28.57716049,31726.73975,7.869135802,9.040123457,3829,48120,173.5,108.262
2022,June,India,6810,356,28.50740741,30689.01509,2.973148148,6.287037037,3829,48120,191.1,172.6
2022,June,United Kingdom,3368,356,28.50740741,30689.01509,2.973148148,6.287037037,3829,48120,191.1,120.5
2022,June,Australia,2511,356,28.50740741,30689.01509,2.973148148,6.287037037,3829,48120,191.1,126.1
2022,June,Germany,2466,356,28.50740741,30689.01509,2.973148148,6.287037037,3829,48120,191.1,109.8
2022,June,Canada,2308,356,28.50740741,30689.01509,2.973148148,6.287037037,3829,48120,191.1,152.9
2022,June,France,1717,356,28.50740741,30689.01509,2.973148148,6.287037037,3829,48120,191.1,112.55
2022,June,United States,1647,356,28.50740741,30689.01509,2.973148148,6.287037037,3829,48120,191.1,135.8878818
2022,June,Russia,1610,356,28.50740741,30689.01509,2.973148148,6.287037037,3829,48120,191.1,230.8
2022,June,Maldives,1130,356,28.50740741,30689.01509,2.973148148,6.287037037,3829,48120,191.1,99.5262474
2022,June,Spain,1027,356,28.50740741,30689.01509,2.973148148,6.287037037,3829,48120,191.1,110.267
2022,July,United Kingdom,9257,357,28.5345679,30562.54849,3.059259259,6.404320988,3829,48120,190.8,121.2
2022,July,India,6031,357,28.5345679,30562.54849,3.059259259,6.404320988,3829,48120,190.8,173.4
2022,July,Germany,3666,357,28.5345679,30562.54849,3.059259259,6.404320988,3829,48120,190.8,110.3
2022,July,France,3567,357,28.5345679,30562.54849,3.059259259,6.404320988,3829,48120,190.8,112.87
2022,July,Canada,3458,357,28.5345679,30562.54849,3.059259259,6.404320988,3829,48120,190.8,153.1
2022,July,Switzerland,2207,357,28.5345679,30562.54849,3.059259259,6.404320988,3829,48120,190.8,104.4916
2022,July,Netherlands,2053,357,28.5345679,30562.54849,3.059259259,6.404320988,3829,48120,190.8,121.57
2022,July,Australia,1974,357,28.5345679,30562.54849,3.059259259,6.404320988,3829,48120,190.8,128.4
2022,July,Russia,1918,357,28.5345679,30562.54849,3.059259259,6.404320988,3829,48120,190.8,229.9
2022,July,Spain,1499,357,28.5345679,30562.54849,3.059259259,6.404320988,3829,48120,190.8,109.986
2023,January,Russia,25254,365,28.98333333,31970.14997,8.508641975,9.685185185,4346,53229,173.5,233.9
2023,January,India,13759,365,28.98333333,31970.14997,8.508641975,9.685185185,4346,53229,173.5,176.5
2023,January,United Kingdom,8483,365,28.98333333,31970.14997,8.508641975,9.685185185,4346,53229,173.5,124.8
2023,January,Germany,8217,365,28.98333333,31970.14997,8.508641975,9.685185185,4346,53229,173.5,114.3
2023,January,France,4840,365,28.98333333,31970.14997,8.508641975,9.685185185,4346,53229,173.5,114.6
2023,January,Canada,3681,365,28.98333333,31970.14997,8.508641975,9.685185185,4346,53229,173.5,153.9
2023,January,Australia,3668,365,28.98333333,31970.14997,8.508641975,9.685185185,4346,53229,173.5,132.6
2023,January,United States,2636,365,28.98333333,31970.14997,8.508641975,9.685185185,4346,53229,173.5,137.1990158
2023,January,Maldives,2203,365,28.98333333,31970.14997,8.508641975,9.685185185,4346,53229,173.5,101.4508329
2023,January,Israel,1868,365,28.98333333,31970.14997,8.508641975,9.685185185,4346,53229,173.5,95.2
2023,February,Russia,29084,362,28.87407407,28159.76772,8.924691358,9.12345679,4346,53229,177.2,234.9
2023,February,India,13714,362,28.87407407,28159.76772,8.924691358,9.12345679,4346,53229,177.2,176.8
2023,February,United Kingdom,8575,362,28.87407407,28159.76772,8.924691358,9.12345679,4346,53229,177.2,126
2023,February,Germany,7930,362,28.87407407,28159.76772,8.924691358,9.12345679,4346,53229,177.2,115.2
2023,February,France,6118,362,28.87407407,28159.76772,8.924691358,9.12345679,4346,53229,177.2,115.78
2023,February,Australia,3113,362,28.87407407,28159.76772,8.924691358,9.12345679,4346,53229,177.2,132.6
2023,February,Canada,3107,362,28.87407407,28159.76772,8.924691358,9.12345679,4346,53229,177.2,154.5
2023,February,United States,2443,362,28.87407407,28159.76772,8.924691358,9.12345679,4346,53229,177.2,137.9648759
2023,February,Israel,2188,362,28.87407407,28159.76772,8.924691358,9.12345679,4346,53229,177.2,95.7
2023,February,Maldives,1818,362,28.87407407,28159.76772,8.924691358,9.12345679,4346,53229,177.2,101.6780132
2023,March,Russia,25553,324,28.91512346,30726.10059,8.666358025,9.706790123,4346,53229,180.5,235.8
2023,March,India,18959,324,28.91512346,30726.10059,8.666358025,9.706790123,4346,53229,180.5,177.2
2023,March,United Kingdom,11053,324,28.91512346,30726.10059,8.666358025,9.706790123,4346,53229,180.5,126.8
2023,March,Germany,9702,324,28.91512346,30726.10059,8.666358025,9.706790123,4346,53229,180.5,116.1
2023,March,France,5786,324,28.91512346,30726.10059,8.666358025,9.706790123,4346,53229,180.5,116.79
2023,March,United States,5701,324,28.91512346,30726.10059,8.666358025,9.706790123,4346,53229,180.5,138.4216404
2023,March,Australia,4725,324,28.91512346,30726.10059,8.666358025,9.706790123,4346,53229,180.5,132.6
2023,March,Canada,4066,324,28.91512346,30726.10059,8.666358025,9.706790123,4346,53229,180.5,155.3
2023,March,Iran,3738,324,28.91512346,30726.10059,8.666358025,9.706790123,4346,53229,180.5,174.1
2023,March,China,3096,324,28.91512346,30726.10059,8.666358025,9.706790123,4346,53229,180.5,103.2
2023,April,India,19915,320,28.79938272,30336.32355,9.953395062,9.956790123,4346,53229,170.7,178.1
2023,April,Russia,14656,320,28.79938272,30336.32355,9.953395062,9.956790123,4346,53229,170.7,236.7
2023,April,United Kingdom,8743,320,28.79938272,30336.32355,9.953395062,9.956790123,4346,53229,170.7,128.3
2023,April,Germany,7404,320,28.79938272,30336.32355,9.953395062,9.956790123,4346,53229,170.7,116.6
2023,April,France,5535,320,28.79938272,30336.32355,9.953395062,9.956790123,4346,53229,170.7,117.5
2023,April,China,5118,320,28.79938272,30336.32355,9.953395062,9.956790123,4346,53229,170.7,103
2023,April,Australia,4996,320,28.79938272,30336.32355,9.953395062,9.956790123,4346,53229,170.7,133.7
2023,April,United States,3940,320,28.79938272,30336.32355,9.953395062,9.956790123,4346,53229,170.7,139.1219208
2023,April,Canada,3310,320,28.79938272,30336.32355,9.953395062,9.956790123,4346,53229,170.7,156.4
2023,April,Japan,2318,320,28.79938272,30336.32355,9.953395062,9.956790123,4346,53229,170.7,105.1
2023,May,India,23016,290,29.00185185,29210.38019,7.934259259,9.49382716,4346,53229,184.4,179
2023,May,Russia,7760,290,29.00185185,29210.38019,7.934259259,9.49382716,4346,53229,184.4,237.4
2023,May,Germany,6854,290,29.00185185,29210.38019,7.934259259,9.49382716,4346,53229,184.4,116.5
2023,May,United Kingdom,5987,290,29.00185185,29210.38019,7.934259259,9.49382716,4346,53229,184.4,129.1
2023,May,Australia,4201,290,29.00185185,29210.38019,7.934259259,9.49382716,4346,53229,184.4,133.7
2023,May,China,4173,290,29.00185185,29210.38019,7.934259259,9.49382716,4346,53229,184.4,102.9
2023,May,Canada,3753,290,29.00185185,29210.38019,7.934259259,9.49382716,4346,53229,184.4,157
2023,May,United States,3240,290,29.00185185,29210.38019,7.934259259,9.49382716,4346,53229,184.4,139.4722903
2023,May,Maldives,2438,290,29.00185185,29210.38019,7.934259259,9.49382716,4346,53229,184.4,101.8753433
2023,May,France,2414,290,29.00185185,29210.38019,7.934259259,9.49382716,4346,53229,184.4,117.44
2023,June,India,26830,307.5,29.28919753,29418.79299,7.095061728,8.552469136,4346,53229,202.9,181
2023,June,United Kingdom,7981,307.5,29.28919753,29418.79299,7.095061728,8.552469136,4346,53229,202.9,129.4
2023,June,Russia,7968,307.5,29.28919753,29418.79299,7.095061728,8.552469136,4346,53229,202.9,238.3
2023,June,Australia,6195,307.5,29.28919753,29418.79299,7.095061728,8.552469136,4346,53229,202.9,133.7
2023,June,China,5105,307.5,29.28919753,29418.79299,7.095061728,8.552469136,4346,53229,202.9,102.7
2023,June,Germany,5090,307.5,29.28919753,29418.79299,7.095061728,8.552469136,4346,53229,202.9,116.8
2023,June,Canada,4509,307.5,29.28919753,29418.79299,7.095061728,8.552469136,4346,53229,202.9,157.2
2023,June,Maldives,4080,307.5,29.28919753,29418.79299,7.095061728,8.552469136,4346,53229,202.9,101.9811114
2023,June,United States,3806,307.5,29.28919753,29418.79299,7.095061728,8.552469136,4346,53229,202.9,139.9226344
2023,June,France,2895,307.5,29.28919753,29418.79299,7.095061728,8.552469136,4346,53229,202.9,117.65
2023,July,India,23461,317,29.2904321,33040.96778,6.427160494,9.077160494,4346,53229,184.2,186.3
2023,July,United Kingdom,17482,317,29.2904321,33040.96778,6.427160494,9.077160494,4346,53229,184.2,129
2023,July,China,10062,317,29.2904321,33040.96778,6.427160494,9.077160494,4346,53229,184.2,102.9
2023,July,Germany,8013,317,29.2904321,33040.96778,6.427160494,9.077160494,4346,53229,184.2,117.1
2023,July,Russia,8009,317,29.2904321,33040.96778,6.427160494,9.077160494,4346,53229,184.2,239.8
2023,July,France,7432,317,29.2904321,33040.96778,6.427160494,9.077160494,4346,53229,184.2,117.71
2023,July,Netherlands,6796,317,29.2904321,33040.96778,6.427160494,9.077160494,4346,53229,184.2,127.13
2023,July,Maldives,6286,317,29.2904321,33040.96778,6.427160494,9.077160494,4346,53229,184.2,102.041994
2023,July,Canada,5737,317,29.2904321,33040.96778,6.427160494,9.077160494,4346,53229,184.2,158.1
2023,July,Australia,5323,317,29.2904321,33040.96778,6.427160494,9.077160494,4346,53229,184.2,135.3
2023,August,India,30593,318.5,29.26203704,33068.77707,6.029938272,8.212962963,4346,53229,158.2,186.2
2023,August,United Kingdom,15035,318.5,29.26203704,33068.77707,6.029938272,8.212962963,4346,53229,158.2,129.4
2023,August,China,9262,318.5,29.26203704,33068.77707,6.029938272,8.212962963,4346,53229,158.2,103.2
2023,August,Germany,8472,318.5,29.26203704,33068.77707,6.029938272,8.212962963,4346,53229,158.2,117.5
2023,August,Russia,6853,318.5,29.26203704,33068.77707,6.029938272,8.212962963,4346,53229,158.2,240.5
2023,August,France,6223,318.5,29.26203704,33068.77707,6.029938272,8.212962963,4346,53229,158.2,118.89
2023,August,Australia,5522,318.5,29.26203704,33068.77707,6.029938272,8.212962963,4346,53229,158.2,135.3
2023,August,Italy,5110,318.5,29.26203704,33068.77707,6.029938272,8.212962963,4346,53229,158.2,120.1
2023,August,Canada,4735,318.5,29.26203704,33068.77707,6.029938272,8.212962963,4346,53229,158.2,158.7
2023,August,Spain,4455,318.5,29.26203704,33068.77707,6.029938272,8.212962963,4346,53229,158.2,113.149
2023,September,India,30063,323.75,29.3345679,34895.80031,6.17962963,7.354938272,4346,53229,173.9,184.1
2023,September,China,8445,323.75,29.3345679,34895.80031,6.17962963,7.354938272,4346,53229,173.9,103.4
2023,September,United Kingdom,7504,323.75,29.3345679,34895.80031,6.17962963,7.354938272,4346,53229,173.9,130.1
2023,September,Germany,7231,323.75,29.3345679,34895.80031,6.17962963,7.354938272,4346,53229,173.9,117.8
2023,September,Russia,7163,323.75,29.3345679,34895.80031,6.17962963,7.354938272,4346,53229,173.9,242.6
2023,September,Australia,5969,323.75,29.3345679,34895.80031,6.17962963,7.354938272,4346,53229,173.9,135.3
2023,September,Israel,4162,323.75,29.3345679,34895.80031,6.17962963,7.354938272,4346,53229,173.9,97.7
2023,September,Netherlands,3177,323.75,29.3345679,34895.80031,6.17962963,7.354938272,4346,53229,173.9,127.16
2023,September,France,2661,323.75,29.3345679,34895.80031,6.17962963,7.354938272,4346,53229,173.9,118.26
2023,September,Canada,2426,323.75,29.3345679,34895.80031,6.17962963,7.354938272,4346,53229,173.9,158.5
2023,October,India,28222,327.5,29.21018519,32046.90815,7.309876543,7.416666667,4346,53229,178.3,185.3
2023,October,Russia,10629,327.5,29.21018519,32046.90815,7.309876543,7.416666667,4346,53229,178.3,244.6
2023,October,United Kingdom,8454,327.5,29.21018519,32046.90815,7.309876543,7.416666667,4346,53229,178.3,130.2
2023,October,Germany,7548,327.5,29.21018519,32046.90815,7.309876543,7.416666667,4346,53229,178.3,117.8
2023,October,China,6211,327.5,29.21018519,32046.90815,7.309876543,7.416666667,4346,53229,178.3,103.3
2023,October,Australia,4977,327.5,29.21018519,32046.90815,7.309876543,7.416666667,4346,53229,178.3,136.1
2023,October,Maldives,3862,327.5,29.21018519,32046.90815,7.309876543,7.416666667,4346,53229,178.3,102.6252342
2023,October,France,2956,327.5,29.21018519,32046.90815,7.309876543,7.416666667,4346,53229,178.3,118.43
2023,October,United States,2651,327.5,29.21018519,32046.90815,7.309876543,7.416666667,4346,53229,178.3,141.0975646
2023,October,Spain,2488,327.5,29.21018519,32046.90815,7.309876543,7.416666667,4346,53229,178.3,113.676
2023,November,India,30335,327.75,29.1,34373.94068,5.691358025,7.228395062,4346,53229,177.5,186.3
2023,November,Russia,24912,327.75,29.1,34373.94068,5.691358025,7.228395062,4346,53229,177.5,247.3
2023,November,Germany,12331,327.75,29.1,34373.94068,5.691358025,7.228395062,4346,53229,177.5,117.3
2023,November,United Kingdom,11526,327.75,29.1,34373.94068,5.691358025,7.228395062,4346,53229,177.5,130
2023,November,Australia,7900,327.75,29.1,34373.94068,5.691358025,7.228395062,4346,53229,177.5,136.1
2023,November,China,6673,327.75,29.1,34373.94068,5.691358025,7.228395062,4346,53229,177.5,102.8
2023,November,United States,4299,327.75,29.1,34373.94068,5.691358025,7.228395062,4346,53229,177.5,140.8132333
2023,November,France,3882,327.75,29.1,34373.94068,5.691358025,7.228395062,4346,53229,177.5,118.23
2023,November,Poland,3343,327.75,29.1,34373.94068,5.691358025,7.228395062,4346,53229,177.5,181.3
2023,November,Japan,2875,327.75,29.1,34373.94068,5.691358025,7.228395062,4346,53229,177.5,106.9
2023,December,India,43973,323.8,29.06512346,35063.0909,5.757407407,7.212962963,4346,53229,189.7,185.7
2023,December,Russia,29657,323.8,29.06512346,35063.0909,5.757407407,7.212962963,4346,53229,189.7,249.1
2023,December,United Kingdom,19265,323.8,29.06512346,35063.0909,5.757407407,7.212962963,4346,53229,189.7,130.5
2023,December,Germany,13747,323.8,29.06512346,35063.0909,5.757407407,7.212962963,4346,53229,189.7,117.4
2023,December,Australia,10847,323.8,29.06512346,35063.0909,5.757407407,7.212962963,4346,53229,189.7,136.1
2023,December,China,8274,323.8,29.06512346,35063.0909,5.757407407,7.212962963,4346,53229,189.7,102.9
2023,December,United States,8044,323.8,29.06512346,35063.0909,5.757407407,7.212962963,4346,53229,189.7,140.6733607
2023,December,Maldives,5968,323.8,29.06512346,35063.0909,5.757407407,7.212962963,4346,53229,189.7,102.5238031
2023,December,France,5509,323.8,29.06512346,35063.0909,5.757407407,7.212962963,4346,53229,189.7,118.39
2023,December,Canada,3640,323.8,29.06512346,35063.0909,5.757407407,7.212962963,4346,53229,189.7,158.3
2021,June,France,654,199,29.36666667,34271.71667,7.236728395,9.694444444,3656,47337,169.4,106.34
2021,June,China,176,199,29.36666667,34271.71667,7.236728395,9.694444444,3656,47337,169.4,100.2
2021,June,Germany,137,199,29.36666667,34271.71667,7.236728395,9.694444444,3656,47337,169.4,102.9
2021,June,United Kingdom,121,199,29.36666667,34271.71667,7.236728395,9.694444444,3656,47337,169.4,111.4
2021,June,United States,118,199,29.36666667,34271.71667,7.236728395,9.694444444,3656,47337,169.4,124.5994712
2021,June,Canada,67,199,29.36666667,34271.71667,7.236728395,9.694444444,3656,47337,169.4,141.4
2021,June,Russia,33,199,29.36666667,34271.71667,7.236728395,9.694444444,3656,47337,169.4,199.1713
2021,June,Norway,32,199,29.36666667,34271.71667,7.236728395,9.694444444,3656,47337,169.4,115.3
2021,June,Switzerland,27,199,29.36666667,34271.71667,7.236728395,9.694444444,3656,47337,169.4,101.1087
2021,June,Maldives,22,199,29.36666667,34271.71667,7.236728395,9.694444444,3656,47337,169.4,94.61287292
2021,July,United Kingdom,342,199,29.39506173,35101.57614,5.130555556,8.601851852,3656,47337,171,111.4
2021,July,Maldives,249,199,29.39506173,35101.57614,5.130555556,8.601851852,3656,47337,171,97.25957117
2021,July,United States,242,199,29.39506173,35101.57614,5.130555556,8.601851852,3656,47337,171,125.1988599
2021,July,Germany,215,199,29.39506173,35101.57614,5.130555556,8.601851852,3656,47337,171,103.4
2021,July,Canada,178,199,29.39506173,35101.57614,5.130555556,8.601851852,3656,47337,171,142.3
2021,July,China,167,199,29.39506173,35101.57614,5.130555556,8.601851852,3656,47337,171,100.5
2021,July,France,147,199,29.39506173,35101.57614,5.130555556,8.601851852,3656,47337,171,106.4
2021,July,Switzerland,123,199,29.39506173,35101.57614,5.130555556,8.601851852,3656,47337,171,101.023
2021,July,Pakistan,111,199,29.39506173,35101.57614,5.130555556,8.601851852,3656,47337,171,146.7567069
2021,July,Netherlands,72,199,29.39506173,35101.57614,5.130555556,8.601851852,3656,47337,171,110.23
2021,August,Canada,594,199,29.09104938,34096.43108,9.669753086,10.84567901,3656,47337,160.7,142.6
2021,August,Germany,515,199,29.09104938,34096.43108,9.669753086,10.84567901,3656,47337,160.7,103.5
2021,August,United Kingdom,489,199,29.09104938,34096.43108,9.669753086,10.84567901,3656,47337,160.7,112.1
2021,August,Pakistan,456,199,29.09104938,34096.43108,9.669753086,10.84567901,3656,47337,160.7,147.6061868
2021,August,India,405,199,29.09104938,34096.43108,9.669753086,10.84567901,3656,47337,160.7,162.9
2021,August,Maldives,341,199,29.09104938,34096.43108,9.669753086,10.84567901,3656,47337,160.7,97.33532945
2021,August,United States,311,199,29.09104938,34096.43108,9.669753086,10.84567901,3656,47337,160.7,125.4575097
2021,August,France,248,199,29.09104938,34096.43108,9.669753086,10.84567901,3656,47337,160.7,107.05
2021,August,Russia,247,199,29.09104938,34096.43108,9.669753086,10.84567901,3656,47337,160.7,200.1283
2021,August,China,178,199,29.09104938,34096.43108,9.669753086,10.84567901,3656,47337,160.7,100.6
2021,September,India,8528,199,28.89135802,32265.64698,7.861728395,9.706790123,3656,47337,168.2,163.2
2021,September,Pakistan,1225,199,28.89135802,32265.64698,7.861728395,9.706790123,3656,47337,168.2,150.7415328
2021,September,Germany,466,199,28.89135802,32265.64698,7.861728395,9.706790123,3656,47337,168.2,103.8
2021,September,United Kingdom,309,199,28.89135802,32265.64698,7.861728395,9.706790123,3656,47337,168.2,112.4
2021,September,Russia,304,199,28.89135802,32265.64698,7.861728395,9.706790123,3656,47337,168.2,201.3291
2021,September,Canada,265,199,28.89135802,32265.64698,7.861728395,9.706790123,3656,47337,168.2,142.9
2021,September,Indonesia,245,199,28.89135802,32265.64698,7.861728395,9.706790123,3656,47337,168.2,96.09717
2021,September,Bangladesh,235,199,28.89135802,32265.64698,7.861728395,9.706790123,3656,47337,168.2,98.88029759
2021,September,Spain,182,199,28.89135802,32265.64698,7.861728395,9.706790123,3656,47337,168.2,100.575
2021,September,France,181,199,28.89135802,32265.64698,7.861728395,9.706790123,3656,47337,168.2,106.81
2021,October,India,8406,200,28.65833333,31056.49256,9.227777778,9.666666667,3656,47337,165.9,165.5
2021,October,United Kingdom,2241,200,28.65833333,31056.49256,9.227777778,9.666666667,3656,47337,165.9,113.4
2021,October,Pakistan,2042,200,28.65833333,31056.49256,9.227777778,9.666666667,3656,47337,165.9,153.6101952
2021,October,Russia,1328,200,28.65833333,31056.49256,9.227777778,9.666666667,3656,47337,165.9,203.5639
2021,October,Germany,1196,200,28.65833333,31056.49256,9.227777778,9.666666667,3656,47337,165.9,104.3
2021,October,Maldives,963,200,28.65833333,31056.49256,9.227777778,9.666666667,3656,47337,165.9,97.12746825
2021,October,Canada,688,200,28.65833333,31056.49256,9.227777778,9.666666667,3656,47337,165.9,143.9
2021,October,France,624,200,28.65833333,31056.49256,9.227777778,9.666666667,3656,47337,165.9,107.25
2021,October,United States,573,200,28.65833333,31056.49256,9.227777778,9.666666667,3656,47337,165.9,126.8433954
2021,October,Indonesia,473,200,28.65833333,31056.49256,9.227777778,9.666666667,3656,47337,165.9,96.21444
2021,November,India,14236,202.5,28.71481481,31995.94481,10.30648148,8.796296296,3656,47337,166.3,166.7
2021,November,United Kingdom,3770,202.5,28.71481481,31995.94481,10.30648148,8.796296296,3656,47337,166.3,114.1
2021,November,Russia,3520,202.5,28.71481481,31995.94481,10.30648148,8.796296296,3656,47337,166.3,205.5181
2021,November,Germany,2667,202.5,28.71481481,31995.94481,10.30648148,8.796296296,3656,47337,166.3,104.5
2021,November,Pakistan,2612,202.5,28.71481481,31995.94481,10.30648148,8.796296296,3656,47337,166.3,158.1834372
2021,November,Maldives,1464,202.5,28.71481481,31995.94481,10.30648148,8.796296296,3656,47337,166.3,97.24015859
2021,November,France,1447,202.5,28.71481481,31995.94481,10.30648148,8.796296296,3656,47337,166.3,107.64
2021,November,United States,1178,202.5,28.71481481,31995.94481,10.30648148,8.796296296,3656,47337,166.3,127.4666312
2021,November,Canada,1161,202.5,28.71481481,31995.94481,10.30648148,8.796296296,3656,47337,166.3,144.2
2021,November,Australia,940,202.5,28.71481481,31995.94481,10.30648148,8.796296296,3656,47337,166.3,121.3
2021,December,India,23566,202.75,28.7882716,34073.89753,5.832407407,8.583333333,3656,47337,174.7,166.1
2021,December,Russia,10793,202.75,28.7882716,34073.89753,5.832407407,8.583333333,3656,47337,174.7,207.2033
2021,December,United Kingdom,8493,202.75,28.7882716,34073.89753,5.832407407,8.583333333,3656,47337,174.7,114.7
2021,December,Germany,5875,202.75,28.7882716,34073.89753,5.832407407,8.583333333,3656,47337,174.7,104.7
2021,December,Ukraine,3562,202.75,28.7882716,34073.89753,5.832407407,8.583333333,3656,47337,174.7,316.2
2021,December,Australia,3129,202.75,28.7882716,34073.89753,5.832407407,8.583333333,3656,47337,174.7,121.3
2021,December,France,3021,202.75,28.7882716,34073.89753,5.832407407,8.583333333,3656,47337,174.7,107.85
2021,December,Maldives,2896,202.75,28.7882716,34073.89753,5.832407407,8.583333333,3656,47337,174.7,97.16848802
2021,December,United States,2884,202.75,28.7882716,34073.89753,5.832407407,8.583333333,3656,47337,174.7,127.8582746
2021,December,Kazakhstan,2462,202.75,28.7882716,34073.89753,5.832407407,8.583333333,3656,47337,174.7,226.266
2021,February,Kazakhstan,1231,194,29.17160494,34989.41549,4.911419753,8.645061728,3656,47337,151.3,211.234
2021,February,Ukraine,845,194,29.17160494,34989.41549,4.911419753,8.645061728,3656,47337,151.3,294.1
2021,February,Germany,245,194,29.17160494,34989.41549,4.911419753,8.645061728,3656,47337,151.3,101.6
2021,February,Russia,119,194,29.17160494,34989.41549,4.911419753,8.645061728,3656,47337,151.3,193.9411
2021,February,China,117,194,29.17160494,34989.41549,4.911419753,8.645061728,3656,47337,151.3,101.5
2021,February,India,79,194,29.17160494,34989.41549,4.911419753,8.645061728,3656,47337,151.3,156.6
2021,February,United Kingdom,79,194,29.17160494,34989.41549,4.911419753,8.645061728,3656,47337,151.3,109.4
2021,February,United States,75,194,29.17160494,34989.41549,4.911419753,8.645061728,3656,47337,151.3,120.6179161
2021,February,Canada,71,194,29.17160494,34989.41549,4.911419753,8.645061728,3656,47337,151.3,138.9
2021,February,Belarus,44,194,29.17160494,34989.41549,4.911419753,8.645061728,3656,47337,151.3,74.65509346
2021,March,Kazakhstan,1514,198.5,29.16975309,34197.32213,7.672839506,9.299382716,3656,47337,145.9,212.501
2021,March,Germany,502,198.5,29.16975309,34197.32213,7.672839506,9.299382716,3656,47337,145.9,102.1
2021,March,United Kingdom,316,198.5,29.16975309,34197.32213,7.672839506,9.299382716,3656,47337,145.9,109.7
2021,March,Ukraine,287,198.5,29.16975309,34197.32213,7.672839506,9.299382716,3656,47337,145.9,299.1
2021,March,China,223,198.5,29.16975309,34197.32213,7.672839506,9.299382716,3656,47337,145.9,101
2021,March,Russia,197,198.5,29.16975309,34197.32213,7.672839506,9.299382716,3656,47337,145.9,195.2211
2021,March,India,183,198.5,29.16975309,34197.32213,7.672839506,9.299382716,3656,47337,145.9,156.8
2021,March,United States,182,198.5,29.16975309,34197.32213,7.672839506,9.299382716,3656,47337,145.9,121.4722857
2021,March,Canada,120,198.5,29.16975309,34197.32213,7.672839506,9.299382716,3656,47337,145.9,139.6
2021,March,Switzerland,84,198.5,29.16975309,34197.32213,7.672839506,9.299382716,3656,47337,145.9,100.5577
2021,April,India,796,197,29.01512346,31354.17698,7.958950617,8.966049383,3656,47337,147.2,157.8
2021,April,China,475,197,29.01512346,31354.17698,7.958950617,8.966049383,3656,47337,147.2,100.7
2021,April,Kazakhstan,440,197,29.01512346,31354.17698,7.958950617,8.966049383,3656,47337,147.2,213.4520549
2021,April,Germany,383,197,29.01512346,31354.17698,7.958950617,8.966049383,3656,47337,147.2,102.4
2021,April,United Kingdom,334,197,29.01512346,31354.17698,7.958950617,8.966049383,3656,47337,147.2,110.4
2021,April,United States,248,197,29.01512346,31354.17698,7.958950617,8.966049383,3656,47337,147.2,122.4706554
2021,April,Russia,173,197,29.01512346,31354.17698,7.958950617,8.966049383,3656,47337,147.2,196.3534
2021,April,Canada,144,197,29.01512346,31354.17698,7.958950617,8.966049383,3656,47337,147.2,140.3
2021,April,Switzerland,93,197,29.01512346,31354.17698,7.958950617,8.966049383,3656,47337,147.2,100.7675
2021,April,France,84,197,29.01512346,31354.17698,7.958950617,8.966049383,3656,47337,147.2,105.86
2021,May,China,237,197,29.11882716,32536.58935,6.311419753,8.87962963,3656,47337,154.6,100.6
2021,May,Germany,222,197,29.11882716,32536.58935,6.311419753,8.87962963,3656,47337,154.6,102.6
2021,May,United States,153,197,29.11882716,32536.58935,6.311419753,8.87962963,3656,47337,154.6,123.4525155
2021,May,United Kingdom,149,197,29.11882716,32536.58935,6.311419753,8.87962963,3656,47337,154.6,111
2021,May,Russia,94,197,29.11882716,32536.58935,6.311419753,8.87962963,3656,47337,154.6,197.8064
2021,May,Maldives,73,197,29.11882716,32536.58935,6.311419753,8.87962963,3656,47337,154.6,96.70748916
2021,May,Canada,69,197,29.11882716,32536.58935,6.311419753,8.87962963,3656,47337,154.6,141
2021,May,Switzerland,45,197,29.11882716,32536.58935,6.311419753,8.87962963,3656,47337,154.6,101.0339
2021,May,India,39,197,29.11882716,32536.58935,6.311419753,8.87962963,3656,47337,154.6,160.4
2021,May,Australia,34,197,29.11882716,32536.58935,6.311419753,8.87962963,3656,47337,154.6,118.8
2021,January,Ukraine,1460,190.5,29.16944444,34023.71898,6.420061728,9.447530864,3656,47337,148.5,291.2
2021,January,Belarus,30,190.5,29.16944444,34023.71898,6.420061728,9.447530864,3656,47337,148.5,73.23585017
2021,January,China,27,190.5,29.16944444,34023.71898,6.420061728,9.447530864,3656,47337,148.5,100.9
2021,January,Russia,20,190.5,29.16944444,34023.71898,6.420061728,9.447530864,3656,47337,148.5,192.4401
2021,January,Germany,19,190.5,29.16944444,34023.71898,6.420061728,9.447530864,3656,47337,148.5,101
2021,January,Netherlands,18,190.5,29.16944444,34023.71898,6.420061728,9.447530864,3656,47337,148.5,107.62
2021,January,Canada,17,190.5,29.16944444,34023.71898,6.420061728,9.447530864,3656,47337,148.5,138.2
2021,January,India,17,190.5,29.16944444,34023.71898,6.420061728,9.447530864,3656,47337,148.5,156.3
2021,January,Maldives,17,190.5,29.16944444,34023.71898,6.420061728,9.447530864,3656,47337,148.5,97.38818457
2021,January,United States,10,190.5,29.16944444,34023.71898,6.420061728,9.447530864,3656,47337,148.5,119.9612025
2019,January,India,40049,178.15,29.49691358,37253.27466,4.175925926,6.564814815,2620,40365,189.9,139.6
2019,January,China,26414,178.15,29.49691358,37253.27466,4.175925926,6.564814815,2620,40365,189.9,95.92448
2019,January,United Kingdom,26036,178.15,29.49691358,37253.27466,4.175925926,6.564814815,2620,40365,189.9,106.4
2019,January,Germany,14027,178.15,29.49691358,37253.27466,4.175925926,6.564814815,2620,40365,189.9,98.09239
2019,January,Russia,13474,178.15,29.49691358,37253.27466,4.175925926,6.564814815,2620,40365,189.9,178.6042
2019,January,France,11892,178.15,29.49691358,37253.27466,4.175925926,6.564814815,2620,40365,189.9,103.01
2019,January,Australia,10368,178.15,29.49691358,37253.27466,4.175925926,6.564814815,2620,40365,189.9,114.1
2019,January,United States,7849,178.15,29.49691358,37253.27466,4.175925926,6.564814815,2620,40365,189.9,115.434832
2019,January,Ukraine,6481,178.15,29.49691358,37253.27466,4.175925926,6.564814815,2620,40365,189.9,265.7
2019,January,Italy,6433,178.15,29.49691358,37253.27466,4.175925926,6.564814815,2620,40365,189.9,102.4
2019,February,India,32286,179.9,29.36018519,34265.27735,2.5,6.74691358,2620,40365,186.1,139.9
2019,February,United Kingdom,29750,179.9,29.36018519,34265.27735,2.5,6.74691358,2620,40365,186.1,106.8
2019,February,China,28039,179.9,29.36018519,34265.27735,2.5,6.74691358,2620,40365,186.1,96.91061
2019,February,France,17295,179.9,29.36018519,34265.27735,2.5,6.74691358,2620,40365,186.1,103.06
2019,February,Germany,17268,179.9,29.36018519,34265.27735,2.5,6.74691358,2620,40365,186.1,98.47186
2019,February,Russia,13008,179.9,29.36018519,34265.27735,2.5,6.74691358,2620,40365,186.1,179.39
2019,February,United States,9678,179.9,29.36018519,34265.27735,2.5,6.74691358,2620,40365,186.1,115.9227811
2019,February,Australia,8810,179.9,29.36018519,34265.27735,2.5,6.74691358,2620,40365,186.1,114.1
2019,February,Canada,6469,179.9,29.36018519,34265.27735,2.5,6.74691358,2620,40365,186.1,134.5
2019,February,Italy,5363,179.9,29.36018519,34265.27735,2.5,6.74691358,2620,40365,186.1,102.5
2019,March,India,34812,175.35,29.51018519,35514.76355,5.042592593,8.25617284,2620,40365,175.4,140.4
2019,March,United Kingdom,29682,175.35,29.51018519,35514.76355,5.042592593,8.25617284,2620,40365,175.4,107
2019,March,China,23759,175.35,29.51018519,35514.76355,5.042592593,8.25617284,2620,40365,175.4,96.55202
2019,March,Germany,18134,175.35,29.51018519,35514.76355,5.042592593,8.25617284,2620,40365,175.4,98.85133
2019,March,France,13957,175.35,29.51018519,35514.76355,5.042592593,8.25617284,2620,40365,175.4,103.89
2019,March,Russia,12705,175.35,29.51018519,35514.76355,5.042592593,8.25617284,2620,40365,175.4,179.9641
2019,March,United States,12543,175.35,29.51018519,35514.76355,5.042592593,8.25617284,2620,40365,175.4,116.5767431
2019,March,Australia,11441,175.35,29.51018519,35514.76355,5.042592593,8.25617284,2620,40365,175.4,114.1
2019,March,Maldives,7802,175.35,29.51018519,35514.76355,5.042592593,8.25617284,2620,40365,175.4,97.22179459
2019,March,Canada,6011,175.35,29.51018519,35514.76355,5.042592593,8.25617284,2620,40365,175.4,135.4
2019,April,United Kingdom,24718,176,29.38179012,34897.33883,5.728395062,8.533950617,2620,40365,162.7,107.6
2019,April,India,23431,176,29.38179012,34897.33883,5.728395062,8.533950617,2620,40365,162.7,141.2
2019,April,Germany,16930,176,29.38179012,34897.33883,5.728395062,8.533950617,2620,40365,162.7,99.8
2019,April,China,14263,176,29.38179012,34897.33883,5.728395062,8.533950617,2620,40365,162.7,96.64167
2019,April,Australia,9565,176,29.38179012,34897.33883,5.728395062,8.533950617,2620,40365,162.7,114.8
2019,April,France,9148,176,29.38179012,34897.33883,5.728395062,8.533950617,2620,40365,162.7,104.22
2019,April,United States,4810,176,29.38179012,34897.33883,5.728395062,8.533950617,2620,40365,162.7,117.1940171
2019,April,Maldives,4655,176,29.38179012,34897.33883,5.728395062,8.533950617,2620,40365,162.7,97.61509898
2019,April,Switzerland,4531,176,29.38179012,34897.33883,5.728395062,8.533950617,2620,40365,162.7,101.5173
2019,April,Canada,3741,176,29.38179012,34897.33883,5.728395062,8.533950617,2620,40365,162.7,136
2019,May,India,11246,176.2,29.5712963,35270.97617,4.412037037,8.466049383,2620,40365,174,142
2019,May,United Kingdom,2953,176.2,29.5712963,35270.97617,4.412037037,8.466049383,2620,40365,174,107.9
2019,May,Australia,2485,176.2,29.5712963,35270.97617,4.412037037,8.466049383,2620,40365,174,114.8
2019,May,Germany,1767,176.2,29.5712963,35270.97617,4.412037037,8.466049383,2620,40365,174,99.98973
2019,May,Maldives,1610,176.2,29.5712963,35270.97617,4.412037037,8.466049383,2620,40365,174,97.92270183
2019,May,China,1589,176.2,29.5712963,35270.97617,4.412037037,8.466049383,2620,40365,174,96.64167
2019,May,Canada,1575,176.2,29.5712963,35270.97617,4.412037037,8.466049383,2620,40365,174,136.6
2019,May,United States,1398,176.2,29.5712963,35270.97617,4.412037037,8.466049383,2620,40365,174,117.4434949
2019,May,France,1120,176.2,29.5712963,35270.97617,4.412037037,8.466049383,2620,40365,174,104.33
2019,May,Russia,844,176.2,29.5712963,35270.97617,4.412037037,8.466049383,2620,40365,174,181.1034
2019,June,India,15048,176.4,29.52314815,36037.41997,3.691358025,7.188271605,2620,40365,185.7,142.9
2019,June,Australia,4410,176.4,29.52314815,36037.41997,3.691358025,7.188271605,2620,40365,185.7,114.8
2019,June,United Kingdom,4365,176.4,29.52314815,36037.41997,3.691358025,7.188271605,2620,40365,185.7,107.9
2019,June,China,3496,176.4,29.52314815,36037.41997,3.691358025,7.188271605,2620,40365,185.7,96.55202
2019,June,Maldives,3350,176.4,29.52314815,36037.41997,3.691358025,7.188271605,2620,40365,185.7,98.16091913
2019,June,Germany,3312,176.4,29.52314815,36037.41997,3.691358025,7.188271605,2620,40365,185.7,100.2743
2019,June,Canada,2827,176.4,29.52314815,36037.41997,3.691358025,7.188271605,2620,40365,185.7,136.3
2019,June,United States,2412,176.4,29.52314815,36037.41997,3.691358025,7.188271605,2620,40365,185.7,117.4668834
2019,June,France,1989,176.4,29.52314815,36037.41997,3.691358025,7.188271605,2620,40365,185.7,104.58
2019,June,Saudi Arabia,1500,176.4,29.52314815,36037.41997,3.691358025,7.188271605,2620,40365,185.7,97.69
2019,July,India,18309,176.3,29.72222222,36822.61417,3.223765432,6.651234568,2620,40365,167.4,144.2
2019,July,United Kingdom,13010,176.3,29.72222222,36822.61417,3.223765432,6.651234568,2620,40365,167.4,108
2019,July,Germany,8385,176.3,29.72222222,36822.61417,3.223765432,6.651234568,2620,40365,167.4,100.7487
2019,July,France,7142,176.3,29.72222222,36822.61417,3.223765432,6.651234568,2620,40365,167.4,104.38
2019,July,China,6926,176.3,29.72222222,36822.61417,3.223765432,6.651234568,2620,40365,167.4,96.91061
2019,July,Netherlands,6385,176.3,29.72222222,36822.61417,3.223765432,6.651234568,2620,40365,167.4,106.9
2019,July,Australia,5619,176.3,29.72222222,36822.61417,3.223765432,6.651234568,2620,40365,167.4,115.4
2019,July,Maldives,3875,176.3,29.72222222,36822.61417,3.223765432,6.651234568,2620,40365,167.4,97.44848362
2019,July,Canada,3826,176.3,29.72222222,36822.61417,3.223765432,6.651234568,2620,40365,167.4,137
2019,July,Switzerland,3421,176.3,29.72222222,36822.61417,3.223765432,6.651234568,2620,40365,167.4,101.2735
2019,August,India,37568,179.2,29.83549383,36249.0525,3.961111111,7.429012346,2620,40365,153.6,145
2019,August,United Kingdom,14132,179.2,29.83549383,36249.0525,3.961111111,7.429012346,2620,40365,153.6,108.3
2019,August,China,9503,179.2,29.83549383,36249.0525,3.961111111,7.429012346,2620,40365,153.6,97.62781
2019,August,Germany,7667,179.2,29.83549383,36249.0525,3.961111111,7.429012346,2620,40365,153.6,100.5589
2019,August,France,7087,179.2,29.83549383,36249.0525,3.961111111,7.429012346,2620,40365,153.6,104.86
2019,August,Australia,5985,179.2,29.83549383,36249.0525,3.961111111,7.429012346,2620,40365,153.6,115.4
2019,August,Maldives,4930,179.2,29.83549383,36249.0525,3.961111111,7.429012346,2620,40365,153.6,98.07236877
2019,August,United States,4686,179.2,29.83549383,36249.0525,3.961111111,7.429012346,2620,40365,153.6,117.657202
2019,August,Spain,4419,179.2,29.83549383,36249.0525,3.961111111,7.429012346,2620,40365,153.6,97.059
2019,August,Canada,4052,179.2,29.83549383,36249.0525,3.961111111,7.429012346,2620,40365,153.6,136.8
2019,September,India,28917,182,29.71388889,34288.09336,7.780246914,8.638888889,2620,40365,167.6,145.8
2019,September,China,9231,182,29.71388889,34288.09336,7.780246914,8.638888889,2620,40365,167.6,98.43465
2019,September,United Kingdom,8322,182,29.71388889,34288.09336,7.780246914,8.638888889,2620,40365,167.6,108.4
2019,September,Australia,6895,182,29.71388889,34288.09336,7.780246914,8.638888889,2620,40365,167.6,115.4
2019,September,Germany,6396,182,29.71388889,34288.09336,7.780246914,8.638888889,2620,40365,167.6,100.5589
2019,September,Maldives,4304,182,29.71388889,34288.09336,7.780246914,8.638888889,2620,40365,167.6,97.84342589
2019,September,France,2928,182,29.71388889,34288.09336,7.780246914,8.638888889,2620,40365,167.6,104.5
2019,September,United States,2830,182,29.71388889,34288.09336,7.780246914,8.638888889,2620,40365,167.6,117.7493803
2019,September,Netherlands,2673,182,29.71388889,34288.09336,7.780246914,8.638888889,2620,40365,167.6,106.7
2019,September,Canada,2438,182,29.71388889,34288.09336,7.780246914,8.638888889,2620,40365,167.6,136.2
2019,October,India,33217,181.05,29.84814815,35425.04586,5.179938272,8.030864198,2620,40365,173.3,147.2
2019,October,China,11683,181.05,29.84814815,35425.04586,5.179938272,8.030864198,2620,40365,173.3,99.33114
2019,October,United Kingdom,8763,181.05,29.84814815,35425.04586,5.179938272,8.030864198,2620,40365,173.3,108.3
2019,October,Germany,7820,181.05,29.84814815,35425.04586,5.179938272,8.030864198,2620,40365,173.3,100.6538
2019,October,Russia,5761,181.05,29.84814815,35425.04586,5.179938272,8.030864198,2620,40365,173.3,181.0478
2019,October,Australia,5562,181.05,29.84814815,35425.04586,5.179938272,8.030864198,2620,40365,173.3,116.2
2019,October,Maldives,3934,181.05,29.84814815,35425.04586,5.179938272,8.030864198,2620,40365,173.3,98.11434567
2019,October,France,3383,181.05,29.84814815,35425.04586,5.179938272,8.030864198,2620,40365,173.3,104.46
2019,October,United States,2836,181.05,29.84814815,35425.04586,5.179938272,8.030864198,2620,40365,173.3,118.0185778
2019,October,Ukraine,2655,181.05,29.84814815,35425.04586,5.179938272,8.030864198,2620,40365,173.3,274.1
2019,November,India,31677,180.85,29.71358025,35610.51389,6.353395062,7.419753086,2620,40365,178,148.6
2019,November,Germany,20844,180.85,29.71358025,35610.51389,6.353395062,7.419753086,2620,40365,178,99.89487
2019,November,China,16312,180.85,29.71358025,35610.51389,6.353395062,7.419753086,2620,40365,178,99.68974
2019,November,United Kingdom,16038,180.85,29.71358025,35610.51389,6.353395062,7.419753086,2620,40365,178,108.5
2019,November,Russia,14537,180.85,29.71358025,35610.51389,6.353395062,7.419753086,2620,40365,178,181.5548
2019,November,Australia,7067,180.85,29.71358025,35610.51389,6.353395062,7.419753086,2620,40365,178,116.2
2019,November,Maldives,5850,180.85,29.71358025,35610.51389,6.353395062,7.419753086,2620,40365,178,97.98583349
2019,November,France,4857,180.85,29.71358025,35610.51389,6.353395062,7.419753086,2620,40365,178,104.52
2019,November,Ukraine,4770,180.85,29.71358025,35610.51389,6.353395062,7.419753086,2620,40365,178,274.3
2019,November,United States,4514,180.85,29.71358025,35610.51389,6.353395062,7.419753086,2620,40365,178,117.9552912
2019,December,India,48442,181.3,29.58518519,36144.59463,4.839197531,7.669753086,2620,40365,188.2,150.4
2019,December,United Kingdom,20984,181.3,29.58518519,36144.59463,4.839197531,7.669753086,2620,40365,188.2,108.5
2019,December,Russia,17559,181.3,29.58518519,36144.59463,4.839197531,7.669753086,2620,40365,188.2,182.2084
2019,December,China,16648,181.3,29.58518519,36144.59463,4.839197531,7.669753086,2620,40365,188.2,99.68974
2019,December,Australia,14467,181.3,29.58518519,36144.59463,4.839197531,7.669753086,2620,40365,188.2,116.2
2019,December,Germany,12349,181.3,29.58518519,36144.59463,4.839197531,7.669753086,2620,40365,188.2,100.3692
2019,December,United States,12302,181.3,29.58518519,36144.59463,4.839197531,7.669753086,2620,40365,188.2,117.8479791
2019,December,Maldives,9033,181.3,29.58518519,36144.59463,4.839197531,7.669753086,2620,40365,188.2,98.45511053
2019,December,France,6824,181.3,29.58518519,36144.59463,4.839197531,7.669753086,2620,40365,188.2,104.98
2019,December,Canada,6512,181.3,29.58518519,36144.59463,4.839197531,7.669753086,2620,40365,188.2,136.4
2020,January,India,41448,181.35,29.65987654,35922.32025,2.995679012,6.555555556,3019,42750,171.9,150.2
2020,January,China,22363,181.35,29.65987654,35922.32025,2.995679012,6.555555556,3019,42750,171.9,101.1241
2020,January,United Kingdom,21138,181.35,29.65987654,35922.32025,2.995679012,6.555555556,3019,42750,171.9,108.3
2020,January,Russia,19616,181.35,29.65987654,35922.32025,2.995679012,6.555555556,3019,42750,171.9,182.9372
2020,January,Germany,11494,181.35,29.65987654,35922.32025,2.995679012,6.555555556,3019,42750,171.9,99.8
2020,January,France,9352,181.35,29.65987654,35922.32025,2.995679012,6.555555556,3019,42750,171.9,104.54
2020,January,Ukraine,8549,181.35,29.65987654,35922.32025,2.995679012,6.555555556,3019,42750,171.9,274.3
2020,January,Australia,8115,181.35,29.65987654,35922.32025,2.995679012,6.555555556,3019,42750,171.9,116.6
2020,January,United States,7494,181.35,29.65987654,35922.32025,2.995679012,6.555555556,3019,42750,171.9,118.3052021
2020,January,Poland,5577,181.35,29.65987654,35922.32025,2.995679012,6.555555556,3019,42750,171.9,132.8
2020,February,India,35309,181.85,29.46820988,32998.58244,7.026234568,7.851851852,3019,42750,172.3,149.1
2020,February,United Kingdom,26348,181.85,29.46820988,32998.58244,7.026234568,7.851851852,3019,42750,172.3,108.6
2020,February,Russia,20948,181.85,29.46820988,32998.58244,7.026234568,7.851851852,3019,42750,172.3,183.5409
2020,February,Germany,16405,181.85,29.46820988,32998.58244,7.026234568,7.851851852,3019,42750,172.3,100.1
2020,February,France,11430,181.85,29.46820988,32998.58244,7.026234568,7.851851852,3019,42750,172.3,104.53
2020,February,Australia,9578,181.85,29.46820988,32998.58244,7.026234568,7.851851852,3019,42750,172.3,116.6
2020,February,United States,7803,181.85,29.46820988,32998.58244,7.026234568,7.851851852,3019,42750,172.3,118.6294315
2020,February,Ukraine,6072,181.85,29.46820988,32998.58244,7.026234568,7.851851852,3019,42750,172.3,273.5
2020,February,Canada,5482,181.85,29.46820988,32998.58244,7.026234568,7.851851852,3019,42750,172.3,137.4
2020,February,Poland,4693,181.85,29.46820988,32998.58244,7.026234568,7.851851852,3019,42750,172.3,133.7
2020,March,India,12600,189,29.61635802,34802.30929,4.427160494,6.614197531,3019,42750,155.5,148.6
2020,March,Russia,8833,189,29.61635802,34802.30929,4.427160494,6.614197531,3019,42750,155.5,184.5504
2020,March,United Kingdom,7969,189,29.61635802,34802.30929,4.427160494,6.614197531,3019,42750,155.5,108.6
2020,March,Germany,6608,189,29.61635802,34802.30929,4.427160494,6.614197531,3019,42750,155.5,100.3
2020,March,France,4056,189,29.61635802,34802.30929,4.427160494,6.614197531,3019,42750,155.5,104.59
2020,March,Australia,2590,189,29.61635802,34802.30929,4.427160494,6.614197531,3019,42750,155.5,116.6
2020,March,Maldives,2183,189,29.61635802,34802.30929,4.427160494,6.614197531,3019,42750,155.5,97.22341598
2020,March,Ukraine,2155,189,29.61635802,34802.30929,4.427160494,6.614197531,3019,42750,155.5,275.7
2020,March,China,1688,189,29.61635802,34802.30929,4.427160494,6.614197531,3019,42750,155.5,100.6759
2020,March,Poland,1638,189,29.61635802,34802.30929,4.427160494,6.614197531,3019,42750,155.5,134
2018,January,India,37936,153.9,29.27592593,34796.17889,4.943518519,7.280864198,2121,35397,187.7,136.9
2018,January,China,24275,153.9,29.27592593,34796.17889,4.943518519,7.280864198,2121,35397,187.7,94.3108
2018,January,United Kingdom,22940,153.9,29.27592593,34796.17889,4.943518519,7.280864198,2121,35397,187.7,104.5
2018,January,Germany,15298,153.9,29.27592593,34796.17889,4.943518519,7.280864198,2121,35397,187.7,96.76426
2018,January,France,12221,153.9,29.27592593,34796.17889,4.943518519,7.280864198,2121,35397,187.7,101.75
2018,January,Russia,11569,153.9,29.27592593,34796.17889,4.943518519,7.280864198,2121,35397,187.7,170.1047
2018,January,Australia,9452,153.9,29.27592593,34796.17889,4.943518519,7.280864198,2121,35397,187.7,112.6
2018,January,United States,7501,153.9,29.27592593,34796.17889,4.943518519,7.280864198,2121,35397,187.7,113.6715194
2018,January,Ukraine,6636,153.9,29.27592593,34796.17889,4.943518519,7.280864198,2121,35397,187.7,243.3
2018,January,Maldives,6124,153.9,29.27592593,34796.17889,4.943518519,7.280864198,2121,35397,187.7,98.37446639
2018,February,China,35929,154.95,29.18950617,34864.7129,4.975,7.472222222,2121,35397,189.3,95.47623
2018,February,India,32914,154.95,29.18950617,34864.7129,4.975,7.472222222,2121,35397,189.3,136.4
2018,February,United Kingdom,23817,154.95,29.18950617,34864.7129,4.975,7.472222222,2121,35397,189.3,104.9
2018,February,Germany,17066,154.95,29.18950617,34864.7129,4.975,7.472222222,2121,35397,189.3,97.04886
2018,February,France,16871,154.95,29.18950617,34864.7129,4.975,7.472222222,2121,35397,189.3,101.72
2018,February,Russia,11043,154.95,29.18950617,34864.7129,4.975,7.472222222,2121,35397,189.3,170.4619
2018,February,United States,5984,154.95,29.18950617,34864.7129,4.975,7.472222222,2121,35397,189.3,114.1869845
2018,February,Australia,5693,154.95,29.18950617,34864.7129,4.975,7.472222222,2121,35397,189.3,112.6
2018,February,Japan,5263,154.95,29.18950617,34864.7129,4.975,7.472222222,2121,35397,189.3,99.5
2018,February,Ukraine,5138,154.95,29.18950617,34864.7129,4.975,7.472222222,2121,35397,189.3,245.5
2018,March,India,30583,155.6,29.23364198,34414.23083,6.385802469,7.950617284,2121,35397,177,136.5
2018,March,United Kingdom,30366,155.6,29.23364198,34414.23083,6.385802469,7.950617284,2121,35397,177,105.1
2018,March,Germany,24423,155.6,29.23364198,34414.23083,6.385802469,7.950617284,2121,35397,177,97.61806
2018,March,China,21101,155.6,29.23364198,34414.23083,6.385802469,7.950617284,2121,35397,177,94.40044
2018,March,France,14818,155.6,29.23364198,34414.23083,6.385802469,7.950617284,2121,35397,177,102.75
2018,March,United States,9701,155.6,29.23364198,34414.23083,6.385802469,7.950617284,2121,35397,177,114.4451757
2018,March,Russia,9089,155.6,29.23364198,34414.23083,6.385802469,7.950617284,2121,35397,177,170.9562
2018,March,Australia,8932,155.6,29.23364198,34414.23083,6.385802469,7.950617284,2121,35397,177,112.6
2018,March,Maldives,7239,155.6,29.23364198,34414.23083,6.385802469,7.950617284,2121,35397,177,98.43439572
2018,March,Canada,5113,155.6,29.23364198,34414.23083,6.385802469,7.950617284,2121,35397,177,132.9
2018,April,India,29860,157.6,29.25339506,35487.30448,3.619753086,6.586419753,2121,35397,182,137.1
2018,April,United Kingdom,26063,157.6,29.25339506,35487.30448,3.619753086,6.586419753,2121,35397,182,105.5
2018,April,China,17462,157.6,29.25339506,35487.30448,3.619753086,6.586419753,2121,35397,182,94.22115
2018,April,Australia,14023,157.6,29.25339506,35487.30448,3.619753086,6.586419753,2121,35397,182,113
2018,April,Germany,10803,157.6,29.25339506,35487.30448,3.619753086,6.586419753,2121,35397,182,97.80779
2018,April,United States,8679,157.6,29.25339506,35487.30448,3.619753086,6.586419753,2121,35397,182,114.9001057
2018,April,France,7411,157.6,29.25339506,35487.30448,3.619753086,6.586419753,2121,35397,182,102.92
2018,April,Maldives,5696,157.6,29.25339506,35487.30448,3.619753086,6.586419753,2121,35397,182,96.77385347
2018,April,Canada,4972,157.6,29.25339506,35487.30448,3.619753086,6.586419753,2121,35397,182,133.3
2018,April,Russia,4027,157.6,29.25339506,35487.30448,3.619753086,6.586419753,2121,35397,182,171.6059
2018,May,India,42073,158.15,28.85154321,31987.29515,7.212962963,8.055555556,2121,35397,177.4,137.8
2018,May,China,17103,158.15,28.85154321,31987.29515,7.212962963,8.055555556,2121,35397,177.4,94.04185
2018,May,United Kingdom,9337,158.15,28.85154321,31987.29515,7.212962963,8.055555556,2121,35397,177.4,105.9
2018,May,Germany,6906,158.15,28.85154321,31987.29515,7.212962963,8.055555556,2121,35397,177.4,98.56673
2018,May,Australia,4873,158.15,28.85154321,31987.29515,7.212962963,8.055555556,2121,35397,177.4,113
2018,May,Maldives,4343,158.15,28.85154321,31987.29515,7.212962963,8.055555556,2121,35397,177.4,96.43808138
2018,May,Japan,4229,158.15,28.85154321,31987.29515,7.212962963,8.055555556,2121,35397,177.4,99.3
2018,May,United States,4123,158.15,28.85154321,31987.29515,7.212962963,8.055555556,2121,35397,177.4,115.3779657
2018,May,France,3721,158.15,28.85154321,31987.29515,7.212962963,8.055555556,2121,35397,177.4,103.36
2018,May,Canada,3297,158.15,28.85154321,31987.29515,7.212962963,8.055555556,2121,35397,177.4,133.4
2018,June,India,32971,158.2,28.65092593,30681.63728,9.765432099,8.712962963,2121,35397,190.4,138.5
2018,June,China,20424,158.2,28.65092593,30681.63728,9.765432099,8.712962963,2121,35397,190.4,94.04185
2018,June,United Kingdom,12104,158.2,28.65092593,30681.63728,9.765432099,8.712962963,2121,35397,190.4,105.9
2018,June,Australia,9997,158.2,28.65092593,30681.63728,9.765432099,8.712962963,2121,35397,190.4,113
2018,June,Germany,5792,158.2,28.65092593,30681.63728,9.765432099,8.712962963,2121,35397,190.4,98.6616
2018,June,Saudi Arabia,5422,158.2,28.65092593,30681.63728,9.765432099,8.712962963,2121,35397,190.4,100.2925
2018,June,Maldives,5362,158.2,28.65092593,30681.63728,9.765432099,8.712962963,2121,35397,190.4,96.62776629
2018,June,United States,4979,158.2,28.65092593,30681.63728,9.765432099,8.712962963,2121,35397,190.4,115.5618638
2018,June,Canada,4676,158.2,28.65092593,30681.63728,9.765432099,8.712962963,2121,35397,190.4,133.6
2018,June,France,3688,158.2,28.65092593,30681.63728,9.765432099,8.712962963,2121,35397,190.4,103.37
2018,July,India,31032,159.55,28.49104938,32715.23833,7.309567901,8.320987654,2121,35397,179.3,139.8
2018,July,China,27460,159.55,28.49104938,32715.23833,7.309567901,8.320987654,2121,35397,179.3,94.3108
2018,July,United Kingdom,25186,159.55,28.49104938,32715.23833,7.309567901,8.320987654,2121,35397,179.3,105.9
2018,July,Netherlands,13342,159.55,28.49104938,32715.23833,7.309567901,8.320987654,2121,35397,179.3,104.28
2018,July,France,11301,159.55,28.49104938,32715.23833,7.309567901,8.320987654,2121,35397,179.3,103.28
2018,July,Germany,10825,159.55,28.49104938,32715.23833,7.309567901,8.320987654,2121,35397,179.3,99.04106
2018,July,Australia,8801,159.55,28.49104938,32715.23833,7.309567901,8.320987654,2121,35397,179.3,113.5
2018,July,Saudi Arabia,8409,159.55,28.49104938,32715.23833,7.309567901,8.320987654,2121,35397,179.3,100.1513
2018,July,United States,7164,159.55,28.49104938,32715.23833,7.309567901,8.320987654,2121,35397,179.3,115.56966
2018,July,Maldives,6348,159.55,28.49104938,32715.23833,7.309567901,8.320987654,2121,35397,179.3,97.15409886
2018,August,India,32115,161.4,28.58611111,33666.40904,6.745061728,8.487654321,2121,35397,163.5,140.4
2018,August,China,26558,161.4,28.58611111,33666.40904,6.745061728,8.487654321,2121,35397,163.5,94.93834
2018,August,United Kingdom,23643,161.4,28.58611111,33666.40904,6.745061728,8.487654321,2121,35397,163.5,106.5
2018,August,France,11016,161.4,28.58611111,33666.40904,6.745061728,8.487654321,2121,35397,163.5,103.78
2018,August,Germany,10809,161.4,28.58611111,33666.40904,6.745061728,8.487654321,2121,35397,163.5,99.13593
2018,August,Australia,8239,161.4,28.58611111,33666.40904,6.745061728,8.487654321,2121,35397,163.5,113.5
2018,August,Maldives,6880,161.4,28.58611111,33666.40904,6.745061728,8.487654321,2121,35397,163.5,98.49068649
2018,August,Saudi Arabia,6517,161.4,28.58611111,33666.40904,6.745061728,8.487654321,2121,35397,163.5,100.0101
2018,August,Netherlands,6182,161.4,28.58611111,33666.40904,6.745061728,8.487654321,2121,35397,163.5,104.4
2018,August,Spain,5782,161.4,28.58611111,33666.40904,6.745061728,8.487654321,2121,35397,163.5,96.742
2018,September,India,32300,169,28.61111111,29759.55802,6.894753086,9.098765432,2121,35397,181,140.2
2018,September,China,19600,169,28.61111111,29759.55802,6.894753086,9.098765432,2121,35397,181,95.56588
2018,September,United Kingdom,14226,169,28.61111111,29759.55802,6.894753086,9.098765432,2121,35397,181,106.6
2018,September,Germany,9668,169,28.61111111,29759.55802,6.894753086,9.098765432,2121,35397,181,99.32567
2018,September,Australia,8746,169,28.61111111,29759.55802,6.894753086,9.098765432,2121,35397,181,113.5
2018,September,Maldives,4695,169,28.61111111,29759.55802,6.894753086,9.098765432,2121,35397,181,97.82405402
2018,September,Japan,4480,169,28.61111111,29759.55802,6.894753086,9.098765432,2121,35397,181,99.9
2018,September,United States,4406,169,28.61111111,29759.55802,6.894753086,9.098765432,2121,35397,181,115.7682333
2018,September,France,4316,169,28.61111111,29759.55802,6.894753086,9.098765432,2121,35397,181,103.56
2018,September,Netherlands,4049,169,28.61111111,29759.55802,6.894753086,9.098765432,2121,35397,181,103.95
2018,October,India,38169,175.3,28.81790123,33460.75747,4.783333333,7.515432099,2121,35397,182.3,140.6
2018,October,China,18882,175.3,28.81790123,33460.75747,4.783333333,7.515432099,2121,35397,182.3,95.74518
2018,October,United Kingdom,17673,175.3,28.81790123,33460.75747,4.783333333,7.515432099,2121,35397,182.3,106.7
2018,October,Germany,9920,175.3,28.81790123,33460.75747,4.783333333,7.515432099,2121,35397,182.3,99.5154
2018,October,Australia,6912,175.3,28.81790123,33460.75747,4.783333333,7.515432099,2121,35397,182.3,114.1
2018,October,Maldives,5223,175.3,28.81790123,33460.75747,4.783333333,7.515432099,2121,35397,182.3,97.38290027
2018,October,France,4784,175.3,28.81790123,33460.75747,4.783333333,7.515432099,2121,35397,182.3,103.67
2018,October,United States,3714,175.3,28.81790123,33460.75747,4.783333333,7.515432099,2121,35397,182.3,115.9727684
2018,October,Netherlands,3222,175.3,28.81790123,33460.75747,4.783333333,7.515432099,2121,35397,182.3,104.32
2018,October,Russia,3096,175.3,28.81790123,33460.75747,4.783333333,7.515432099,2121,35397,182.3,174.473
2018,November,India,39137,178.5,28.76851852,34673.09037,3.331790123,6.182098765,2121,35397,183.5,140.8
2018,November,United Kingdom,21971,178.5,28.76851852,34673.09037,3.331790123,6.182098765,2121,35397,183.5,106.9
2018,November,China,18888,178.5,28.76851852,34673.09037,3.331790123,6.182098765,2121,35397,183.5,95.38658
2018,November,Germany,18754,178.5,28.76851852,34673.09037,3.331790123,6.182098765,2121,35397,183.5,98.85133
2018,November,Australia,10299,178.5,28.76851852,34673.09037,3.331790123,6.182098765,2121,35397,183.5,114.1
2018,November,Russia,8090,178.5,28.76851852,34673.09037,3.331790123,6.182098765,2121,35397,183.5,175.3454
2018,November,Maldives,7418,178.5,28.76851852,34673.09037,3.331790123,6.182098765,2121,35397,183.5,97.45706624
2018,November,France,6825,178.5,28.76851852,34673.09037,3.331790123,6.182098765,2121,35397,183.5,103.45
2018,November,United States,5799,178.5,28.76851852,34673.09037,3.331790123,6.182098765,2121,35397,183.5,115.5843352
2018,November,Switzerland,3531,178.5,28.76851852,34673.09037,3.331790123,6.182098765,2121,35397,183.5,100.9228
2018,December,India,45797,182.6,28.62561728,32904.0221,5.494444444,7.543209877,2121,35397,197.5,140.1
2018,December,United Kingdom,26828,182.6,28.62561728,32904.0221,5.494444444,7.543209877,2121,35397,197.5,107.1
2018,December,China,18283,182.6,28.62561728,32904.0221,5.494444444,7.543209877,2121,35397,197.5,95.47623
2018,December,Germany,16624,182.6,28.62561728,32904.0221,5.494444444,7.543209877,2121,35397,197.5,98.85133
2018,December,Australia,14961,182.6,28.62561728,32904.0221,5.494444444,7.543209877,2121,35397,197.5,114.1
2018,December,Maldives,12054,182.6,28.62561728,32904.0221,5.494444444,7.543209877,2121,35397,197.5,97.20175936
2018,December,Russia,11258,182.6,28.62561728,32904.0221,5.494444444,7.543209877,2121,35397,197.5,176.8183
2018,December,France,9475,182.6,28.62561728,32904.0221,5.494444444,7.543209877,2121,35397,197.5,103.47
2018,December,United States,8848,182.6,28.62561728,32904.0221,5.494444444,7.543209877,2121,35397,197.5,115.2151631
2018,December,Sweden,6834,182.6,28.62561728,32904.0221,5.494444444,7.543209877,2121,35397,197.5,331.87
